Accuracy,Precision,Recall,F1 Score
0.995,0.9929435483870968,0.9969635627530364,0.9949494949494949
