Accuracy,Precision,Recall,F1 Score
0.9601924759405074,0.9609236234458259,0.95837023914969,0.9596452328159645
